ProductID,ProductName,Category,Price
1,Syndicate Cutting-Edge Convergence,Cloud,3938.87
2,Brand Proactive Platforms,Security,2939.98
3,Repurpose Holistic Channels,Security,2758.94
4,Optimize Vertical Interfaces,Security,8624.52
5,Transition Proactive Synergies,SaaS,791.63
6,Grow Granular Communities,Security,6808.35
7,Reinvent Back-End Networks,Security,1810.92
8,Empower Integrated Content,Hardware,3510.61
9,Incubate Cutting-Edge Vortals,SaaS,709.28
10,Redefine Distributed Metrics,Cloud,2772.74
11,Cultivate Distributed Solutions,Cloud,7707.37
12,Grow Viral Niches,Cloud,8861.65
13,Strategize Dot-Com Relationships,SaaS,2293.12
14,Transform Extensible Convergence,Cloud,4689.12
15,Implement Best-Of-Breed Technologies,SaaS,4756.21
16,Exploit Value-Added Applications,Hardware,8748.4
17,Cultivate World-Class Channels,Hardware,7651.71
18,Engage One-To-One Vortals,SaaS,5179.46
19,Matrix World-Class Partnerships,Cloud,6740.4
20,Revolutionize Holistic Initiatives,SaaS,8488.82
21,Seize Extensible Infrastructures,SaaS,194.44
22,Engage Value-Added Deliverables,Security,4088.61
23,Engage Ubiquitous Applications,SaaS,9081.71
24,Target Strategic Synergies,Security,7429.1
25,Engineer Plug-And-Play Vortals,Hardware,5474.13
26,Embrace Leading-Edge Niches,Security,5343.48
27,Repurpose Intuitive Users,SaaS,3542.92
28,Evolve Cutting-Edge Convergence,Hardware,5253.15
29,Syndicate Vertical Interfaces,Security,6588.29
30,Integrate Compelling E-Commerce,SaaS,4241.79
31,Integrate Interactive Systems,Hardware,7170.12
32,Facilitate Magnetic Partnerships,Security,8626.2
33,Engineer Visionary Methodologies,SaaS,1631.38
34,Disintermediate Proactive Interfaces,SaaS,4570.32
35,Syndicate Value-Added E-Services,Cloud,4139.4
36,Streamline Leading-Edge Functionalities,Cloud,6905.9
37,Scale Transparent Convergence,Security,2573.69
38,Productize End-To-End Eyeballs,Security,6438.48
39,Enhance Bricks-And-Clicks Eyeballs,Security,8787.14
40,Whiteboard Holistic Niches,SaaS,4239.5
41,Leverage Distributed Supply-Chains,Security,9119.06
42,Utilize Real-Time Convergence,SaaS,9932.32
43,Empower Collaborative Paradigms,Security,1150.31
44,Unleash Extensible Bandwidth,SaaS,2407.23
45,Redefine Granular Architectures,SaaS,9508.76
46,Drive Distributed Technologies,Cloud,9587.44
47,E-Enable Leading-Edge E-Tailers,Hardware,1067.3
48,Redefine Best-Of-Breed Paradigms,SaaS,248.49
49,Enhance End-To-End Partnerships,Security,1694.89
50,Benchmark Web-Enabled Metrics,Cloud,9960.53
51,Innovate Global Bandwidth,Security,1882.0
52,Expedite Mission-Critical Applications,Security,5075.22
53,Evolve B2B Relationships,SaaS,8499.34
54,Seize Rich Eyeballs,SaaS,301.98
55,Generate Dot-Com Supply-Chains,Hardware,6084.44
56,Transform Plug-And-Play Channels,SaaS,2842.55
57,Deploy Dynamic Schemas,SaaS,8637.12
58,Revolutionize Bleeding-Edge Systems,Hardware,2906.27
59,Strategize Intuitive Convergence,Security,6898.88
60,Grow Dynamic Partnerships,Hardware,6774.77
61,Transform Out-Of-The-Box Bandwidth,Hardware,2292.79
62,Redefine Robust Platforms,Hardware,444.51
63,Monetize Intuitive Vortals,Cloud,4151.57
64,Repurpose Cross-Media Web-Readiness,Security,2963.01
65,Integrate Dynamic E-Commerce,Cloud,8108.88
66,Synthesize Virtual Channels,Cloud,8023.61
67,Orchestrate User-Centric Functionalities,SaaS,4624.54
68,Visualize Extensible Action-Items,Hardware,6104.47
69,Productize Impactful E-Services,Hardware,6082.17
70,Enable Bleeding-Edge Channels,Cloud,8288.87
71,Reinvent Bricks-And-Clicks Interfaces,SaaS,4307.52
72,Engineer Frictionless E-Markets,SaaS,2826.92
73,Benchmark World-Class Synergies,SaaS,2723.85
74,Utilize Wireless Mindshare,Security,5408.3
75,Reinvent End-To-End Networks,Cloud,4546.57
76,Harness Wireless Paradigms,Security,4457.2
77,Visualize Visionary Communities,SaaS,1002.26
78,Embrace Compelling Networks,SaaS,7214.18
79,Orchestrate Rich Architectures,SaaS,2215.99
80,Synergize Compelling Interfaces,Hardware,2049.84
81,Leverage Sticky Partnerships,Cloud,4186.31
82,Synthesize Ubiquitous E-Tailers,Hardware,2355.01
83,Empower 24/7 Web-Readiness,Security,5880.2
84,Productize End-To-End Vortals,Hardware,3777.49
85,Iterate Virtual Paradigms,Cloud,4544.23
86,Envisioneer Cross-Platform Solutions,Hardware,5417.98
87,Engineer Cutting-Edge Platforms,SaaS,2115.0
88,Morph Real-Time Channels,Security,1641.94
89,Cultivate Clicks-And-Mortar Relationships,Security,8816.18
90,Transform Value-Added Models,SaaS,4393.86
91,Utilize Cross-Media Networks,SaaS,4179.73
92,Reinvent Seamless Metrics,SaaS,452.56
93,Grow Distributed Schemas,Cloud,5029.97
94,Deliver Wireless Communities,Hardware,5586.28
95,Streamline 24/365 Synergies,Security,5632.52
96,Engage Value-Added E-Markets,Hardware,7099.61
97,Integrate Seamless Deliverables,SaaS,1857.07
98,Iterate 24/365 E-Services,SaaS,2597.01
99,Utilize End-To-End Solutions,Hardware,8126.23
100,Scale User-Centric Functionalities,Security,9476.99
101,Enable Customized Convergence,Cloud,1445.73
102,Optimize B2B Eyeballs,Hardware,5026.73
103,Leverage One-To-One Portals,SaaS,2220.34
104,Evolve Visionary Vortals,SaaS,694.72
105,Disintermediate Intuitive Experiences,Cloud,3322.48
106,Seize B2B Mindshare,Hardware,1522.51
107,Target Real-Time Roi,Cloud,7128.34
108,Benchmark Open-Source E-Tailers,Cloud,5383.88
109,Leverage Collaborative Infrastructures,Security,1523.96
110,Redefine Interactive Architectures,Security,191.49
111,Architect Extensible Functionalities,SaaS,8100.75
112,Embrace Proactive Metrics,Hardware,1844.32
113,Iterate Value-Added Communities,Security,6101.54
114,Innovate Efficient Relationships,SaaS,3435.53
115,Scale Clicks-And-Mortar Networks,Hardware,5896.31
116,Drive Customized Applications,SaaS,3224.97
117,Seize Scalable Functionalities,Security,960.7
118,Iterate Cutting-Edge Systems,SaaS,2307.21
119,Whiteboard Innovative Initiatives,Hardware,1961.78
120,Evolve Robust Web Services,Hardware,4337.39
121,Re-Contextualize Bleeding-Edge Supply-Chains,SaaS,6617.01
122,Repurpose Ubiquitous Portals,Hardware,2711.68
123,Seize Best-Of-Breed E-Services,SaaS,219.49
124,Drive Proactive Metrics,Hardware,5237.48
125,Unleash Intuitive Schemas,SaaS,6097.02
126,Grow Frictionless Web-Readiness,SaaS,9632.42
127,Mesh Plug-And-Play Action-Items,SaaS,5935.76
128,Target Cross-Platform Portals,Cloud,4764.61
129,Incentivize 24/7 Action-Items,Hardware,5776.68
130,Incentivize Innovative Supply-Chains,Security,9286.22
131,Maximize Integrated Models,SaaS,8300.94
132,Strategize Sticky Applications,Cloud,3297.49
133,Productize Collaborative Platforms,Security,2448.82
134,Generate Real-Time Experiences,SaaS,2700.07
135,Expedite Transparent Synergies,Security,5093.77
136,Envisioneer Rich Web Services,Cloud,7466.09
137,Incentivize Best-Of-Breed Partnerships,Security,5081.87
138,Aggregate Rich Methodologies,SaaS,771.18
139,Streamline World-Class Markets,Security,7263.45
140,Envisioneer Plug-And-Play Mindshare,Security,8079.1
141,Target Best-Of-Breed E-Services,SaaS,2966.03
142,Repurpose Cutting-Edge Markets,Cloud,6674.84
143,Repurpose Bleeding-Edge Bandwidth,Cloud,4323.26
144,Architect Virtual E-Tailers,Security,8902.28
145,Unleash Real-Time Functionalities,Hardware,8467.73
146,Evolve Leading-Edge Metrics,Security,5301.78
147,Deploy Integrated Convergence,Hardware,6945.9
148,Disintermediate Web-Enabled Schemas,Security,8845.16
149,Seize Dynamic Niches,Cloud,5007.6
150,Iterate Strategic Communities,Security,3201.18
151,Monetize Efficient Experiences,Security,7561.29
152,Scale Magnetic Info-Mediaries,Hardware,2278.66
153,E-Enable Viral Supply-Chains,Cloud,3946.46
154,Empower Transparent E-Business,Hardware,8670.7
155,Orchestrate Sticky Applications,Security,7271.78
156,Cultivate B2C Solutions,SaaS,4097.73
157,Aggregate Back-End Convergence,Security,2225.97
158,Streamline Value-Added E-Commerce,Security,3624.09
159,Leverage Cross-Media Methodologies,Hardware,2912.63
160,Revolutionize Frictionless Web-Readiness,SaaS,1843.28
161,Generate Ubiquitous Schemas,SaaS,7459.0
162,Synthesize Strategic Mindshare,Hardware,2595.49
163,Morph Cross-Media Web-Readiness,Cloud,4596.26
164,Strategize 24/365 Deliverables,SaaS,3920.01
165,Repurpose Cross-Platform Web-Readiness,SaaS,9822.57
166,Target Visionary E-Tailers,Hardware,3971.81
167,Integrate Robust Technologies,Cloud,891.83
168,Scale Seamless Models,Cloud,989.27
169,Streamline Customized Mindshare,Security,5948.46
170,Architect Granular Synergies,Security,6033.7
171,Empower Killer Functionalities,Hardware,4245.71
172,Aggregate Distributed Portals,Cloud,4375.25
173,Transition Ubiquitous Paradigms,Hardware,633.93
174,Empower Back-End Web-Readiness,Security,5213.81
175,Streamline Customized Markets,Hardware,5096.92
176,Extend Enterprise Technologies,Hardware,1580.54
177,Cultivate Efficient Experiences,SaaS,1128.01
178,Facilitate 24/365 E-Services,SaaS,1323.37
179,Synergize Open-Source Niches,SaaS,1100.18
180,Reinvent Global Synergies,Security,6136.11
181,Transform Back-End Web Services,Hardware,2045.18
182,Redefine Holistic Models,SaaS,2589.16
183,Generate Dynamic Niches,SaaS,1818.36
184,Synthesize Customized Users,SaaS,9582.57
185,Synthesize Efficient Markets,Security,8560.71
186,Transition Mission-Critical Users,Security,2381.9
187,Re-Intermediate Clicks-And-Mortar Platforms,Hardware,3342.91
188,Repurpose Rich Info-Mediaries,Hardware,2177.94
189,Empower Revolutionary Supply-Chains,Hardware,4969.57
190,Engage Seamless Content,SaaS,294.14
191,Embrace Front-End Communities,Cloud,6746.54
192,Morph Scalable Channels,Security,5279.27
193,Cultivate Revolutionary Info-Mediaries,SaaS,8996.53
194,Engage E-Business Supply-Chains,SaaS,1727.49
195,Engage Impactful Portals,Hardware,8060.68
196,Seize Back-End Convergence,Hardware,7940.41
197,Orchestrate Dot-Com Markets,SaaS,1359.09
198,Implement Seamless Interfaces,Security,4045.74
199,Deploy Virtual Markets,Security,1784.51
200,Aggregate Front-End Models,SaaS,2621.73
